,LinearRegression,RandomForest,DecisionTree,SVR
MSE,2.522082199054383e-22,3170899282.3313746,3079648124.415541,4147271475.689346
R2,1.0,0.2494797571607491,0.2710779963668838,0.018382194477603364
